frame_id,timestamp,state,similarity,bbox
100,3.3333333333333335,LOCKED,0.9743895530700684,"516,211,218,609"
101,3.3666666666666667,LOCKED,0.971919059753418,"526,214,204,604"
102,3.4,LOCKED,0.9763284921646118,"526,213,204,602"
103,3.433333333333333,LOCKED,0.9668856263160706,"510,211,223,604"
104,3.466666666666667,LOCKED,0.9639023542404175,"510,210,226,605"
105,3.5,LOCKED,0.9624972343444824,"505,209,229,607"
106,3.533333333333333,LOCKED,0.9486355781555176,"507,208,229,608"
107,3.566666666666667,LOCKED,0.9372214078903198,"505,206,230,611"
108,3.6,LOCKED,0.9386802911758423,"504,207,229,612"
109,3.6333333333333333,LOCKED,0.9523247480392456,"510,209,224,608"
110,3.6666666666666665,LOCKED,0.9536164999008179,"514,211,221,607"
111,3.7,LOCKED,0.9497392177581787,"513,208,222,610"
112,3.7333333333333334,LOCKED,0.9596198797225952,"530,214,201,608"
113,3.7666666666666666,LOCKED,0.9424161911010742,"544,217,187,607"
114,3.8,LOCKED,0.9294835329055786,"544,215,182,609"
115,3.8333333333333335,LOCKED,0.9170856475830078,"542,215,182,611"
116,3.8666666666666667,LOCKED,0.920773983001709,"540,212,183,614"
117,3.9,LOCKED,0.9138290882110596,"540,209,183,620"
118,3.933333333333333,LOCKED,0.9167736768722534,"543,212,181,620"
119,3.966666666666667,LOCKED,0.8985497951507568,"541,214,187,620"
120,4.0,LOCKED,0.8857849836349487,"544,212,187,619"
121,4.033333333333333,LOCKED,0.9046533107757568,"540,211,184,621"
122,4.066666666666666,LOCKED,0.9113709330558777,"531,215,189,615"
123,4.1,LOCKED,0.9171555042266846,"537,214,182,617"
124,4.133333333333334,LOCKED,0.9133244752883911,"536,213,179,621"
125,4.166666666666667,LOCKED,0.9238457679748535,"529,213,184,622"
126,4.2,LOCKED,0.9267007112503052,"526,214,185,618"
127,4.233333333333333,LOCKED,0.9507277011871338,"520,212,195,615"
128,4.266666666666667,LOCKED,0.9328352212905884,"511,213,206,614"
129,4.3,LOCKED,0.9290227293968201,"512,213,209,612"
130,4.333333333333333,LOCKED,0.9396752119064331,"521,214,200,613"
131,4.366666666666666,LOCKED,0.9397760629653931,"518,214,208,610"
132,4.4,LOCKED,0.934372067451477,"519,214,208,614"
133,4.433333333333334,LOCKED,0.9403809309005737,"522,215,211,609"
134,4.466666666666667,LOCKED,0.9363526701927185,"517,215,220,612"
135,4.5,LOCKED,0.9313926100730896,"515,214,223,609"
136,4.533333333333333,LOCKED,0.9136013984680176,"507,213,239,608"
137,4.566666666666666,LOCKED,0.9071722030639648,"505,212,241,610"
138,4.6,LOCKED,0.9052688479423523,"497,213,250,610"
139,4.633333333333334,LOCKED,0.9060099720954895,"504,213,246,610"
140,4.666666666666667,LOCKED,0.8898277878761292,"502,212,249,612"
141,4.7,LOCKED,0.9286185503005981,"519,214,222,613"
142,4.733333333333333,LOCKED,0.9276450872421265,"519,215,221,613"
143,4.766666666666667,LOCKED,0.9393733739852905,"516,214,221,617"
144,4.8,LOCKED,0.9296633005142212,"512,214,225,616"
145,4.833333333333333,LOCKED,0.9348222017288208,"512,213,225,622"
146,4.866666666666666,LOCKED,0.9278110861778259,"514,214,219,622"
147,4.9,LOCKED,0.9325889945030212,"511,214,219,623"
148,4.933333333333334,LOCKED,0.9333531260490417,"508,214,222,623"
149,4.966666666666667,LOCKED,0.9338161945343018,"505,214,227,622"
150,5.0,LOCKED,0.9391019344329834,"508,214,221,617"
151,5.033333333333333,LOCKED,0.9470241069793701,"510,214,219,611"
152,5.066666666666666,LOCKED,0.9359180331230164,"511,214,217,612"
153,5.1,LOCKED,0.9465538263320923,"509,214,219,613"
154,5.133333333333334,LOCKED,0.9340792894363403,"502,213,230,613"
155,5.166666666666667,LOCKED,0.9321993589401245,"500,213,236,613"
156,5.2,LOCKED,0.9308969974517822,"500,213,236,613"
157,5.233333333333333,LOCKED,0.9326196908950806,"498,213,238,613"
158,5.266666666666667,LOCKED,0.9380073547363281,"500,213,236,613"
159,5.3,LOCKED,0.9363193511962891,"500,213,237,613"
160,5.333333333333333,LOCKED,0.9262158870697021,"499,213,239,615"
161,5.366666666666666,LOCKED,0.9303529262542725,"503,213,234,614"
162,5.4,LOCKED,0.9353339672088623,"502,214,234,614"
163,5.433333333333334,LOCKED,0.9364019632339478,"507,214,227,616"
164,5.466666666666667,LOCKED,0.9370239973068237,"506,214,228,617"
165,5.5,LOCKED,0.9442033767700195,"515,215,216,618"
166,5.533333333333333,LOCKED,0.9373317956924438,"512,214,220,618"
167,5.566666666666666,LOCKED,0.9422065019607544,"512,213,221,619"
168,5.6,LOCKED,0.9395536184310913,"515,213,220,616"
169,5.633333333333334,LOCKED,0.9418990612030029,"529,214,209,614"
170,5.666666666666667,LOCKED,0.9467984437942505,"532,214,205,622"
171,5.7,LOCKED,0.9196503162384033,"520,213,214,623"
172,5.733333333333333,LOCKED,0.9294755458831787,"529,213,205,619"
173,5.766666666666667,LOCKED,0.9238091707229614,"526,213,207,620"
174,5.8,LOCKED,0.9306490421295166,"509,207,236,648"
175,5.833333333333333,LOCKED,0.9297335147857666,"525,215,220,643"
176,5.866666666666666,LOCKED,0.9138308763504028,"513,194,235,663"
177,5.9,LOCKED,0.9401224851608276,"527,213,211,620"
178,5.933333333333334,LOCKED,0.9386070966720581,"528,212,212,623"
179,5.966666666666667,LOCKED,0.9264177083969116,"513,196,232,660"
180,6.0,LOCKED,0.9338756799697876,"512,200,231,661"
181,6.033333333333333,LOCKED,0.9400275945663452,"531,213,204,631"
182,6.066666666666666,LOCKED,0.9247615337371826,"519,209,224,653"
183,6.1,LOCKED,0.9183261394500732,"512,196,236,663"
184,6.133333333333334,LOCKED,0.9100795984268188,"507,200,243,660"
185,6.166666666666667,LOCKED,0.9222148060798645,"511,197,236,665"
186,6.2,LOCKED,0.9456485509872437,"527,211,211,632"
187,6.233333333333333,LOCKED,0.9457347393035889,"528,211,209,635"
188,6.266666666666667,LOCKED,0.9331308603286743,"525,210,209,636"
189,6.3,LOCKED,0.9407004714012146,"504,193,243,664"
190,6.333333333333333,LOCKED,0.9393197298049927,"503,201,242,655"
191,6.366666666666666,LOCKED,0.9299192428588867,"517,211,219,635"
192,6.4,LOCKED,0.9446222186088562,"506,199,239,665"
193,6.433333333333334,LOCKED,0.9432416558265686,"507,197,240,665"
194,6.466666666666667,LOCKED,0.9341621994972229,"495,202,255,655"
195,6.5,LOCKED,0.9347935914993286,"499,197,249,664"
196,6.533333333333333,LOCKED,0.9376839399337769,"496,198,256,659"
197,6.566666666666666,LOCKED,0.9473667740821838,"499,199,250,653"
198,6.6,LOCKED,0.9354879856109619,"508,197,241,652"
199,6.633333333333334,LOCKED,0.9466584920883179,"506,197,245,657"
200,6.666666666666667,LOCKED,0.9449197053909302,"511,203,236,651"
201,6.7,LOCKED,0.9381965398788452,"507,204,240,657"
202,6.733333333333333,LOCKED,0.9372795820236206,"510,197,233,665"
203,6.766666666666667,LOCKED,0.9310739040374756,"505,195,236,667"
204,6.8,LOCKED,0.9248701930046082,"506,194,234,669"
205,6.833333333333333,LOCKED,0.9250555038452148,"505,190,236,670"
206,6.866666666666666,LOCKED,0.93328857421875,"522,209,217,639"
207,6.9,LOCKED,0.9324071407318115,"500,207,248,654"
208,6.933333333333334,LOCKED,0.9334603548049927,"519,206,237,656"
209,6.966666666666667,LOCKED,0.9174098968505859,"516,216,242,642"
210,7.0,LOCKED,0.9095821380615234,"521,226,240,636"
211,7.033333333333333,LOST,0.6404931545257568,"521,226,240,636"
212,7.066666666666666,LOCKED,0.7784099578857422,"674,65,281,843"
213,7.1,LOCKED,0.7801376581192017,"682,73,267,809"
214,7.133333333333334,LOCKED,0.79206383228302,"685,76,264,833"
215,7.166666666666667,LOCKED,0.8607249855995178,"688,74,256,902"
216,7.2,LOCKED,0.8443208336830139,"698,87,248,871"
217,7.233333333333333,LOCKED,0.8503121733665466,"695,103,250,936"
218,7.266666666666667,LOCKED,0.8639280200004578,"701,111,243,919"
219,7.3,LOCKED,0.8678674101829529,"707,108,232,946"
220,7.333333333333333,LOCKED,0.8713213205337524,"705,117,238,889"
221,7.366666666666666,LOCKED,0.8206911087036133,"699,118,255,865"
222,7.4,LOCKED,0.8241043090820312,"689,118,273,871"
223,7.433333333333334,LOCKED,0.8299469947814941,"686,122,275,855"
224,7.466666666666667,LOCKED,0.8367987871170044,"688,130,266,846"
225,7.5,LOCKED,0.8065800666809082,"689,137,276,841"
226,7.533333333333333,LOCKED,0.7979145646095276,"676,151,300,869"
227,7.566666666666666,LOCKED,0.8179222941398621,"662,159,309,863"
228,7.6,LOCKED,0.8297852277755737,"646,153,323,836"
229,7.633333333333334,LOCKED,0.8219252228736877,"639,154,331,828"
230,7.666666666666667,LOCKED,0.7814954519271851,"659,168,313,863"
231,7.7,LOCKED,0.7864972352981567,"657,169,311,857"
232,7.733333333333333,LOCKED,0.7979351282119751,"656,175,315,848"
233,7.766666666666667,LOCKED,0.7883856296539307,"655,183,310,840"
234,7.8,LOCKED,0.7741876244544983,"658,182,305,827"
235,7.833333333333333,LOCKED,0.771583080291748,"662,178,295,815"
236,7.866666666666666,LOCKED,0.7818571329116821,"660,176,295,795"
237,7.9,LOCKED,0.7846689224243164,"660,167,291,796"
238,7.933333333333334,LOCKED,0.7858014106750488,"662,174,289,783"
239,7.966666666666667,LOCKED,0.798886239528656,"664,176,283,783"
240,8.0,LOCKED,0.7814919948577881,"657,166,286,788"
241,8.033333333333333,LOCKED,0.7800129652023315,"643,168,288,789"
242,8.066666666666666,LOCKED,0.7760905623435974,"644,162,289,786"
243,8.1,LOCKED,0.7666683197021484,"664,160,270,785"
244,8.133333333333333,LOCKED,0.7662444114685059,"633,153,287,795"
245,8.166666666666666,LOCKED,0.7715620994567871,"626,153,293,794"
246,8.2,LOCKED,0.7538654208183289,"625,164,292,785"
247,8.233333333333333,LOCKED,0.7353386878967285,"617,148,300,788"
248,8.266666666666667,LOCKED,0.7687630653381348,"618,164,298,780"
249,8.3,LOCKED,0.7955000400543213,"622,168,292,766"
250,8.333333333333334,LOCKED,0.7697943449020386,"624,172,292,757"
251,8.366666666666667,LOCKED,0.7825011014938354,"611,178,292,750"
252,8.4,LOCKED,0.7993584275245667,"591,188,306,748"
253,8.433333333333334,LOCKED,0.8016166090965271,"585,191,314,741"
254,8.466666666666667,LOCKED,0.7846344709396362,"591,202,305,731"
255,8.5,LOCKED,0.7893007397651672,"592,196,305,731"
256,8.533333333333333,LOCKED,0.7976531386375427,"596,184,294,754"
257,8.566666666666666,LOCKED,0.7912211418151855,"595,194,286,739"
258,8.6,LOCKED,0.7650260925292969,"597,180,282,763"
259,8.633333333333333,LOCKED,0.7797861099243164,"594,191,286,741"
260,8.666666666666666,LOCKED,0.758957028388977,"600,187,277,734"
261,8.7,LOCKED,0.796087384223938,"596,186,284,743"
262,8.733333333333333,LOCKED,0.7992486953735352,"595,191,281,718"
263,8.766666666666667,LOCKED,0.8074884414672852,"592,195,283,699"
264,8.8,LOCKED,0.804083526134491,"600,203,273,687"
265,8.833333333333334,LOCKED,0.7810694575309753,"607,203,246,686"
266,8.866666666666667,LOCKED,0.7671822309494019,"606,208,242,686"
267,8.9,LOCKED,0.7883148789405823,"607,216,245,666"
268,8.933333333333334,LOCKED,0.7801097631454468,"607,224,244,664"
269,8.966666666666667,LOCKED,0.7701963186264038,"586,226,258,651"
270,9.0,LOCKED,0.7893834114074707,"602,242,247,638"
271,9.033333333333333,LOCKED,0.776684045791626,"584,234,257,647"
272,9.066666666666666,LOCKED,0.7663708329200745,"589,246,249,639"
273,9.1,LOCKED,0.779461681842804,"579,246,258,641"
274,9.133333333333333,LOCKED,0.7931168675422668,"579,240,258,665"
275,9.166666666666666,LOCKED,0.7836180329322815,"564,243,265,652"
276,9.2,LOCKED,0.7811211347579956,"566,244,263,655"
277,9.233333333333333,LOCKED,0.7915167212486267,"552,242,276,639"
278,9.266666666666667,LOCKED,0.7858915328979492,"534,246,290,658"
279,9.3,LOCKED,0.8024042844772339,"536,238,285,646"
280,9.333333333333334,LOCKED,0.8038755655288696,"531,238,288,642"
281,9.366666666666667,LOCKED,0.8084306716918945,"512,228,295,631"
282,9.4,LOCKED,0.807517409324646,"519,243,279,610"
283,9.433333333333334,LOCKED,0.7957905530929565,"518,245,264,599"
284,9.466666666666667,LOCKED,0.7983579635620117,"521,217,258,632"
285,9.5,LOCKED,0.7673600316047668,"523,212,248,639"
286,9.533333333333333,LOCKED,0.7877885699272156,"518,215,259,622"
287,9.566666666666666,LOCKED,0.7910846471786499,"502,236,278,595"
288,9.6,LOCKED,0.7934384942054749,"505,246,279,582"
289,9.633333333333333,LOCKED,0.8301480412483215,"478,229,307,619"
290,9.666666666666666,LOCKED,0.7989529371261597,"510,247,275,594"
291,9.7,LOCKED,0.8131491541862488,"514,253,273,616"
292,9.733333333333333,LOCKED,0.7913088798522949,"515,257,269,617"
293,9.766666666666667,LOCKED,0.7582414746284485,"533,257,244,611"
294,9.8,LOCKED,0.7504557371139526,"535,252,242,609"
295,9.833333333333334,LOCKED,0.793768584728241,"539,226,236,626"
296,9.866666666666667,LOCKED,0.8116730451583862,"537,231,245,613"
297,9.9,LOCKED,0.8218187093734741,"523,229,257,606"
298,9.933333333333334,LOCKED,0.807128369808197,"542,232,230,593"
299,9.966666666666667,LOCKED,0.7844521999359131,"545,229,222,590"
300,10.0,LOCKED,0.7960302829742432,"538,213,216,611"
301,10.033333333333333,LOCKED,0.7940198183059692,"550,214,211,610"
302,10.066666666666666,LOCKED,0.788647472858429,"538,214,218,606"
303,10.1,LOCKED,0.7770164012908936,"548,217,210,605"
304,10.133333333333333,LOCKED,0.7859524488449097,"516,222,257,599"
305,10.166666666666666,LOCKED,0.8003875017166138,"524,212,242,619"
306,10.2,LOCKED,0.8303788900375366,"520,267,248,557"
307,10.233333333333333,LOCKED,0.7507699131965637,"472,265,300,551"
308,10.266666666666667,LOCKED,0.6985996961593628,"473,264,306,556"
309,10.3,LOCKED,0.7853996753692627,"486,266,281,560"
310,10.333333333333334,LOCKED,0.7775647640228271,"518,270,250,553"
311,10.366666666666667,LOCKED,0.811882734298706,"522,266,247,560"
312,10.4,LOCKED,0.7977167963981628,"519,274,256,547"
313,10.433333333333334,LOCKED,0.8246703743934631,"516,270,264,562"
314,10.466666666666667,LOCKED,0.8428599834442139,"494,262,283,569"
315,10.5,LOCKED,0.8208222389221191,"487,254,299,574"
316,10.533333333333333,LOCKED,0.8625291585922241,"508,248,281,569"
317,10.566666666666666,LOCKED,0.8298161029815674,"489,257,296,554"
318,10.6,LOCKED,0.8194286823272705,"505,244,288,580"
319,10.633333333333333,LOCKED,0.7487620115280151,"504,264,293,537"
320,10.666666666666666,LOCKED,0.7870968580245972,"518,243,283,577"
321,10.7,LOCKED,0.7885922193527222,"525,242,286,576"
322,10.733333333333333,LOCKED,0.8147817850112915,"527,257,284,551"
323,10.766666666666667,LOCKED,0.8268109560012817,"519,255,304,553"
324,10.8,LOCKED,0.8101983070373535,"515,252,307,558"
325,10.833333333333334,LOCKED,0.8117916584014893,"513,252,310,560"
326,10.866666666666667,LOCKED,0.7955905199050903,"517,258,310,558"
327,10.9,LOCKED,0.7742490172386169,"525,263,298,554"
328,10.933333333333334,LOCKED,0.7904692888259888,"527,259,300,574"
329,10.966666666666667,LOCKED,0.8009271621704102,"532,265,295,570"
330,11.0,LOCKED,0.7953452467918396,"542,263,283,574"
331,11.033333333333333,LOCKED,0.8053076267242432,"547,262,277,573"
332,11.066666666666666,LOCKED,0.8197282552719116,"545,228,294,610"
333,11.1,LOCKED,0.8115088939666748,"549,253,286,574"
334,11.133333333333333,LOCKED,0.823462963104248,"542,239,303,586"
335,11.166666666666666,LOCKED,0.8320926427841187,"540,229,319,602"
336,11.2,LOCKED,0.7806865572929382,"534,229,332,596"
337,11.233333333333333,LOCKED,0.8279855251312256,"598,224,277,592"
338,11.266666666666667,LOCKED,0.7373708486557007,"588,226,294,572"
339,11.3,LOCKED,0.7128407955169678,"602,236,285,568"
340,11.333333333333334,LOCKED,0.7223793268203735,"609,240,282,571"
341,11.366666666666667,LOCKED,0.7017853260040283,"622,253,283,567"
342,11.4,LOCKED,0.7531047463417053,"643,253,259,573"
343,11.433333333333334,LOCKED,0.7921044826507568,"655,256,233,577"
344,11.466666666666667,LOCKED,0.7638225555419922,"647,256,252,578"
345,11.5,LOCKED,0.7564820647239685,"642,258,265,576"
346,11.533333333333333,LOCKED,0.7284455895423889,"647,283,243,536"
347,11.566666666666666,LOCKED,0.7412397861480713,"655,275,231,548"
348,11.6,LOCKED,0.7758772373199463,"644,268,237,560"
349,11.633333333333333,LOCKED,0.8008840680122375,"636,265,238,560"
350,11.666666666666666,LOCKED,0.81895911693573,"622,237,256,591"
351,11.7,LOCKED,0.8274052739143372,"610,235,269,594"
352,11.733333333333333,LOCKED,0.823654055595398,"559,240,303,597"
353,11.766666666666667,LOCKED,0.8281679153442383,"555,247,304,583"
354,11.8,LOCKED,0.8294893503189087,"560,239,299,587"
355,11.833333333333334,LOCKED,0.8301342725753784,"559,256,283,568"
356,11.866666666666667,LOCKED,0.8229274749755859,"553,238,296,580"
357,11.9,LOCKED,0.8244356513023376,"553,245,294,583"
358,11.933333333333334,LOCKED,0.8256257772445679,"555,238,286,591"
359,11.966666666666667,LOCKED,0.8099056482315063,"545,241,299,592"
360,12.0,LOCKED,0.7788229584693909,"545,268,293,544"
361,12.033333333333333,LOCKED,0.7520598769187927,"556,249,286,585"
362,12.066666666666666,LOCKED,0.7720680236816406,"560,249,278,592"
363,12.1,LOCKED,0.8019081354141235,"579,283,253,553"
364,12.133333333333333,LOCKED,0.78664231300354,"590,287,248,552"
365,12.166666666666666,LOCKED,0.8031989932060242,"605,277,244,554"
366,12.2,LOCKED,0.748375415802002,"601,243,285,593"
367,12.233333333333333,LOCKED,0.7599261403083801,"599,238,300,607"
368,12.266666666666667,LOCKED,0.7155137062072754,"606,257,293,583"
369,12.3,LOCKED,0.7987266182899475,"618,236,269,600"
370,12.333333333333334,LOCKED,0.7785894870758057,"629,231,246,602"
371,12.366666666666667,LOCKED,0.8002849817276001,"623,227,249,609"
372,12.4,LOCKED,0.7839205265045166,"624,224,239,615"
373,12.433333333333334,LOCKED,0.7699229717254639,"616,230,236,601"
374,12.466666666666667,LOCKED,0.7965493202209473,"620,227,235,603"
375,12.5,LOCKED,0.772817850112915,"624,230,234,599"
376,12.533333333333333,LOCKED,0.7616443634033203,"617,227,229,603"
377,12.566666666666666,LOCKED,0.7824510931968689,"608,232,255,602"
378,12.6,LOCKED,0.7786397933959961,"603,228,264,616"
379,12.633333333333333,LOCKED,0.7671074867248535,"603,236,272,603"
380,12.666666666666666,LOCKED,0.7428325414657593,"594,235,269,611"
381,12.7,LOCKED,0.7465853095054626,"563,253,277,600"
382,12.733333333333333,LOCKED,0.7743529081344604,"575,253,260,615"
383,12.766666666666667,LOCKED,0.7560620307922363,"565,247,272,620"
384,12.8,LOCKED,0.6932600736618042,"572,229,262,636"
385,12.833333333333334,LOCKED,0.7411576509475708,"542,227,293,641"
386,12.866666666666667,LOCKED,0.8039137125015259,"559,250,280,623"
387,12.9,LOCKED,0.8182942867279053,"552,245,277,645"
388,12.933333333333334,LOCKED,0.815686047077179,"549,240,275,651"
389,12.966666666666667,LOCKED,0.8266886472702026,"540,246,286,629"
390,13.0,LOCKED,0.7608299255371094,"542,252,289,600"
391,13.033333333333333,LOCKED,0.6484386324882507,"547,238,286,629"
392,13.066666666666666,LOCKED,0.7282649278640747,"554,248,284,609"
393,13.1,LOCKED,0.8307290077209473,"550,238,294,635"
394,13.133333333333333,LOCKED,0.8350669741630554,"554,241,297,630"
395,13.166666666666666,LOCKED,0.8369612693786621,"564,242,293,620"
396,13.2,LOCKED,0.8434275984764099,"561,231,298,649"
397,13.233333333333333,LOCKED,0.8559830188751221,"566,224,300,665"
398,13.266666666666667,LOCKED,0.8294754028320312,"565,233,286,665"
399,13.3,LOCKED,0.7849540710449219,"591,219,279,678"
400,13.333333333333334,LOCKED,0.7872411608695984,"596,224,275,673"
401,13.366666666666667,LOCKED,0.8044683933258057,"599,218,277,651"
402,13.4,LOCKED,0.791600227355957,"597,232,277,639"
403,13.433333333333334,LOCKED,0.8275209665298462,"596,228,274,635"
404,13.466666666666667,LOCKED,0.8121013641357422,"595,225,272,644"
405,13.5,LOCKED,0.8296065330505371,"595,222,274,635"
406,13.533333333333333,LOCKED,0.8188766837120056,"598,217,271,637"
407,13.566666666666666,LOCKED,0.8375079035758972,"597,210,267,631"
408,13.6,LOCKED,0.8260846734046936,"599,207,267,632"
409,13.633333333333333,LOCKED,0.8375169038772583,"565,208,285,634"
410,13.666666666666666,LOCKED,0.788990318775177,"598,205,277,669"
411,13.7,LOCKED,0.8080102205276489,"598,213,269,662"
412,13.733333333333333,LOCKED,0.8111101388931274,"596,227,280,652"
413,13.766666666666667,LOCKED,0.8060988187789917,"591,215,289,669"
414,13.8,LOCKED,0.7870234251022339,"569,214,274,662"
415,13.833333333333334,LOCKED,0.717388391494751,"556,214,281,663"
416,13.866666666666667,LOCKED,0.7502765655517578,"555,227,281,660"
417,13.9,LOCKED,0.7862340211868286,"567,230,263,681"
418,13.933333333333334,LOCKED,0.6913567185401917,"547,219,393,730"
419,13.966666666666667,LOCKED,0.7984342575073242,"567,240,272,694"
420,14.0,LOCKED,0.7716169953346252,"565,242,274,698"
421,14.033333333333333,LOCKED,0.7781994342803955,"552,244,285,698"
422,14.066666666666666,LOCKED,0.7885046005249023,"542,242,293,693"
423,14.1,LOCKED,0.8150179386138916,"540,230,301,688"
424,14.133333333333333,LOCKED,0.8275820016860962,"540,226,304,704"
425,14.166666666666666,LOCKED,0.7987238764762878,"539,225,286,700"
426,14.2,LOCKED,0.8279561996459961,"529,225,298,680"
427,14.233333333333333,LOCKED,0.8010345101356506,"533,212,282,686"
428,14.266666666666667,LOCKED,0.7876126766204834,"526,209,285,690"
429,14.3,LOCKED,0.7670807838439941,"526,216,284,689"
430,14.333333333333334,LOCKED,0.7832528352737427,"520,212,287,696"
431,14.366666666666667,LOCKED,0.8332322239875793,"509,215,289,695"
432,14.4,LOCKED,0.8136647939682007,"513,204,285,716"
433,14.433333333333334,LOCKED,0.8306334614753723,"521,204,279,718"
434,14.466666666666667,LOCKED,0.842565655708313,"518,197,286,738"
435,14.5,LOCKED,0.819284200668335,"524,193,290,746"
436,14.533333333333333,LOCKED,0.825060248374939,"518,198,294,749"
437,14.566666666666666,LOCKED,0.8226515054702759,"523,205,293,753"
438,14.6,LOCKED,0.7956533432006836,"523,208,292,761"
439,14.633333333333333,LOCKED,0.8169828653335571,"530,199,294,752"
440,14.666666666666666,LOCKED,0.7876365780830383,"520,202,303,751"
441,14.7,LOCKED,0.8281441926956177,"522,209,310,727"
442,14.733333333333333,LOCKED,0.8092169761657715,"522,209,312,736"
443,14.766666666666667,LOCKED,0.8125174641609192,"533,206,307,730"
444,14.8,LOCKED,0.8245735168457031,"542,204,308,725"
445,14.833333333333334,LOCKED,0.8310273885726929,"547,205,302,709"
446,14.866666666666667,LOCKED,0.8059413433074951,"551,194,300,707"
447,14.9,LOCKED,0.8128376603126526,"552,183,300,713"
448,14.933333333333334,LOCKED,0.7984370589256287,"550,182,307,719"
449,14.966666666666667,LOCKED,0.7863181829452515,"545,186,314,725"
450,15.0,LOCKED,0.7998976707458496,"543,188,310,716"
451,15.033333333333333,LOCKED,0.7921426892280579,"573,184,298,746"
452,15.066666666666666,LOCKED,0.7648875117301941,"547,184,315,746"
453,15.1,LOCKED,0.7805492877960205,"546,183,315,751"
454,15.133333333333333,LOCKED,0.7826843857765198,"537,189,310,745"
455,15.166666666666666,LOCKED,0.7730709314346313,"531,187,299,757"
456,15.2,LOCKED,0.7655283212661743,"526,184,295,778"
457,15.233333333333333,LOCKED,0.7879394888877869,"524,184,294,775"
458,15.266666666666667,LOCKED,0.8082044124603271,"527,179,278,769"
459,15.3,LOCKED,0.8062519431114197,"525,164,267,758"
460,15.333333333333334,LOCKED,0.7890585660934448,"516,163,274,740"
461,15.366666666666667,LOCKED,0.8043000102043152,"516,167,273,747"
462,15.4,LOCKED,0.7872533798217773,"515,163,283,748"
463,15.433333333333334,LOCKED,0.7989240884780884,"516,168,284,746"
464,15.466666666666667,LOCKED,0.7760775685310364,"516,163,279,746"
465,15.5,LOCKED,0.7783786058425903,"521,160,279,760"
466,15.533333333333333,LOCKED,0.8037118911743164,"520,160,276,757"
467,15.566666666666666,LOCKED,0.8046603202819824,"519,156,279,765"
468,15.6,LOCKED,0.7762416005134583,"526,156,273,765"
469,15.633333333333333,LOCKED,0.7669728994369507,"530,160,273,780"
470,15.666666666666666,LOCKED,0.7765176296234131,"534,162,271,782"
471,15.7,LOCKED,0.7881414890289307,"538,164,293,773"
472,15.733333333333333,LOCKED,0.7918779850006104,"538,168,293,771"
473,15.766666666666667,LOCKED,0.8022911548614502,"541,178,297,764"
474,15.8,LOCKED,0.810657262802124,"547,183,301,769"
475,15.833333333333334,LOCKED,0.8318658471107483,"554,184,299,750"
476,15.866666666666667,LOCKED,0.8250209093093872,"579,174,264,768"
477,15.9,LOCKED,0.8190779685974121,"586,176,259,775"
478,15.933333333333334,LOCKED,0.8268121480941772,"585,177,263,769"
479,15.966666666666667,LOCKED,0.813936710357666,"594,176,255,775"
480,16.0,LOCKED,0.802715003490448,"596,186,272,722"
481,16.033333333333335,LOCKED,0.8233875632286072,"596,185,274,716"
482,16.066666666666666,LOCKED,0.8329105377197266,"599,189,275,711"
483,16.1,LOCKED,0.8324222564697266,"597,190,293,719"
484,16.133333333333333,LOCKED,0.8103104829788208,"597,187,300,730"
485,16.166666666666668,LOCKED,0.8361001014709473,"600,198,298,726"
486,16.2,LOCKED,0.8347069025039673,"599,193,304,724"
487,16.233333333333334,LOCKED,0.807135820388794,"589,205,315,706"
488,16.266666666666666,LOCKED,0.8088101148605347,"595,178,320,726"
489,16.3,LOCKED,0.8133000135421753,"605,172,309,710"
490,16.333333333333332,LOCKED,0.8068554401397705,"599,177,307,734"
491,16.366666666666667,LOCKED,0.8263921737670898,"601,199,306,737"
492,16.4,LOCKED,0.7923057675361633,"601,205,299,738"
493,16.433333333333334,LOCKED,0.806644082069397,"598,198,297,752"
494,16.466666666666665,LOCKED,0.8072658777236938,"601,199,293,752"
495,16.5,LOCKED,0.7921730279922485,"602,190,282,764"
496,16.533333333333335,LOCKED,0.7739164233207703,"600,191,274,746"
497,16.566666666666666,LOCKED,0.8139655590057373,"600,193,272,721"
498,16.6,LOCKED,0.8172549605369568,"606,162,264,746"
499,16.633333333333333,LOCKED,0.8037307262420654,"603,157,263,748"
500,16.666666666666668,LOCKED,0.7959269285202026,"601,149,265,739"
501,16.7,LOCKED,0.7983944416046143,"603,151,262,735"
502,16.733333333333334,LOCKED,0.7922222018241882,"602,153,262,728"
503,16.766666666666666,LOCKED,0.8026525974273682,"607,156,257,730"
504,16.8,LOCKED,0.7867419123649597,"608,158,258,730"
505,16.833333333333332,LOCKED,0.7987445592880249,"611,163,259,714"
506,16.866666666666667,LOCKED,0.7994797229766846,"613,156,261,723"
507,16.9,LOCKED,0.7941816449165344,"622,155,258,725"
508,16.933333333333334,LOCKED,0.8109946250915527,"630,161,258,716"
509,16.966666666666665,LOCKED,0.8112096786499023,"631,167,256,716"
510,17.0,LOCKED,0.8375391364097595,"630,168,258,715"
511,17.033333333333335,LOCKED,0.8556382656097412,"619,176,275,723"
512,17.066666666666666,LOCKED,0.8639978766441345,"612,184,285,716"
513,17.1,LOCKED,0.8559087514877319,"614,183,287,713"
514,17.133333333333333,LOCKED,0.8506951332092285,"610,162,295,720"
515,17.166666666666668,LOCKED,0.8568745851516724,"614,157,299,712"
516,17.2,LOCKED,0.839418888092041,"624,160,287,710"
517,17.233333333333334,LOCKED,0.833594560623169,"649,175,272,697"
518,17.266666666666666,LOCKED,0.829676628112793,"652,174,279,707"
519,17.3,LOCKED,0.8565599918365479,"677,180,268,699"
520,17.333333333333332,LOCKED,0.8635010719299316,"684,177,266,697"
521,17.366666666666667,LOCKED,0.8651716709136963,"674,182,285,690"
522,17.4,LOCKED,0.868792712688446,"678,159,283,696"
523,17.433333333333334,LOCKED,0.8819234371185303,"693,166,271,699"
524,17.466666666666665,LOCKED,0.8713812828063965,"684,183,282,708"
525,17.5,LOCKED,0.8786753416061401,"700,194,266,699"
526,17.533333333333335,LOCKED,0.8660072088241577,"698,201,272,694"
527,17.566666666666666,LOCKED,0.873806357383728,"706,206,263,693"
528,17.6,LOCKED,0.8817844390869141,"711,198,254,697"
529,17.633333333333333,LOCKED,0.8955368995666504,"720,196,235,703"
530,17.666666666666668,LOCKED,0.8983607888221741,"724,225,232,668"
531,17.7,LOCKED,0.8706135749816895,"727,219,226,669"
532,17.733333333333334,LOCKED,0.8882325291633606,"727,198,227,689"
533,17.766666666666666,LOCKED,0.8546281456947327,"744,191,211,691"
534,17.8,LOCKED,0.8722505569458008,"745,205,217,678"
535,17.833333333333332,LOCKED,0.8789278268814087,"742,202,224,679"
536,17.866666666666667,LOCKED,0.8875765800476074,"736,212,249,660"
537,17.9,LOCKED,0.8746715784072876,"762,166,236,722"
538,17.933333333333334,LOCKED,0.8552055358886719,"761,163,249,730"
539,17.966666666666665,LOCKED,0.8540862798690796,"761,160,269,736"
540,18.0,LOCKED,0.8595549464225769,"762,164,303,720"
541,18.033333333333335,LOCKED,0.8338696360588074,"751,168,336,723"
542,18.066666666666666,LOCKED,0.8102600574493408,"751,156,343,763"
543,18.1,LOCKED,0.8425850868225098,"749,153,342,734"
544,18.133333333333333,LOCKED,0.8212869763374329,"745,132,403,772"
545,18.166666666666668,LOCKED,0.816826343536377,"744,106,413,798"
546,18.2,LOCKED,0.8176010847091675,"741,96,426,806"
547,18.233333333333334,LOCKED,0.8470948934555054,"785,108,339,809"
548,18.266666666666666,LOCKED,0.8335205316543579,"778,101,370,820"
549,18.3,LOCKED,0.8242050409317017,"800,93,370,858"
550,18.333333333333332,LOCKED,0.8289210200309753,"837,95,338,870"
551,18.366666666666667,LOCKED,0.8522868156433105,"868,94,303,866"
552,18.4,LOCKED,0.8504198789596558,"887,81,286,853"
553,18.433333333333334,LOCKED,0.8546103239059448,"903,78,269,872"
554,18.466666666666665,LOCKED,0.8488050699234009,"921,72,250,854"
555,18.5,LOCKED,0.8676948547363281,"924,60,254,892"
556,18.533333333333335,LOCKED,0.8616750836372375,"915,45,247,952"
557,18.566666666666666,LOCKED,0.877511739730835,"897,40,248,921"
558,18.6,LOCKED,0.8549404144287109,"876,52,295,928"
559,18.633333333333333,LOCKED,0.8567053079605103,"824,56,387,943"
560,18.666666666666668,LOCKED,0.8340484499931335,"825,70,380,925"
561,18.7,LOCKED,0.8269916772842407,"779,58,420,928"
562,18.733333333333334,LOCKED,0.8197082877159119,"774,43,402,950"
563,18.766666666666666,LOCKED,0.8161516189575195,"775,73,362,921"
564,18.8,LOCKED,0.8262397050857544,"755,68,370,920"
565,18.833333333333332,LOCKED,0.807787299156189,"742,50,380,951"
566,18.866666666666667,LOCKED,0.7904974222183228,"722,55,390,950"
567,18.9,LOCKED,0.7897201180458069,"775,66,250,938"
568,18.933333333333334,LOCKED,0.852432131767273,"776,42,259,926"
569,18.966666666666665,LOCKED,0.860718309879303,"768,46,249,934"
570,19.0,LOCKED,0.8373445272445679,"770,35,243,916"
571,19.033333333333335,LOCKED,0.8771051168441772,"684,43,273,933"
572,19.066666666666666,LOCKED,0.845621645450592,"687,65,278,896"
573,19.1,LOCKED,0.8287768959999084,"677,75,280,893"
574,19.133333333333333,LOCKED,0.8270379304885864,"665,75,273,873"
575,19.166666666666668,LOCKED,0.8238824605941772,"663,49,271,914"
576,19.2,LOCKED,0.8193298578262329,"651,54,286,911"
577,19.233333333333334,LOCKED,0.8489224314689636,"644,51,293,974"
578,19.266666666666666,LOCKED,0.8401626348495483,"650,34,282,1009"
579,19.3,LOCKED,0.8569667339324951,"644,22,270,1022"
580,19.333333333333332,LOCKED,0.8538761138916016,"596,12,345,1033"
581,19.366666666666667,LOCKED,0.8383626937866211,"545,0,417,1056"
582,19.4,LOCKED,0.8361527919769287,"538,3,401,1057"
583,19.433333333333334,LOCKED,0.8472002744674683,"519,0,397,1041"
584,19.466666666666665,LOCKED,0.855844259262085,"467,0,421,1033"
585,19.5,LOCKED,0.8545620441436768,"441,0,421,1052"
586,19.533333333333335,LOCKED,0.8443223237991333,"389,22,475,1057"
587,19.566666666666666,LOCKED,0.8453461527824402,"371,23,462,1056"
588,19.6,LOCKED,0.8190548419952393,"351,20,448,1059"
589,19.633333333333333,LOCKED,0.849179208278656,"342,23,441,1056"
590,19.666666666666668,LOCKED,0.8414090275764465,"335,19,448,1060"
591,19.7,LOCKED,0.8533912897109985,"348,21,412,1058"
592,19.733333333333334,LOCKED,0.8370455503463745,"356,22,400,1057"
593,19.766666666666666,LOCKED,0.8406783938407898,"366,35,391,1039"
594,19.8,LOCKED,0.8211462497711182,"485,8,251,956"
595,19.833333333333332,LOCKED,0.8454283475875854,"476,5,266,984"
596,19.866666666666667,LOCKED,0.8321217894554138,"476,18,269,980"
597,19.9,LOCKED,0.8257609009742737,"473,7,273,990"
598,19.933333333333334,LOCKED,0.8329704999923706,"475,13,275,978"
599,19.966666666666665,LOST,-1.0,"475,13,275,978"
600,20.0,LOST,-1.0,"475,13,275,978"
601,20.033333333333335,LOCKED,0.8572125434875488,"414,9,385,1070"
602,20.066666666666666,LOCKED,0.8444410562515259,"416,5,424,1074"
603,20.1,LOCKED,0.8292170166969299,"450,15,441,1064"
604,20.133333333333333,LOCKED,0.8252812623977661,"439,0,459,1072"
605,20.166666666666668,LOCKED,0.8292117118835449,"446,17,461,1061"
606,20.2,LOCKED,0.8390560150146484,"448,14,466,1065"
607,20.233333333333334,LOCKED,0.8176498413085938,"456,27,460,1052"
608,20.266666666666666,LOCKED,0.8223191499710083,"454,0,439,1067"
609,20.3,LOCKED,0.824755072593689,"445,0,440,1070"
610,20.333333333333332,LOCKED,0.8519383668899536,"543,9,262,798"
611,20.366666666666667,LOCKED,0.8290234804153442,"549,10,260,796"
612,20.4,LOCKED,0.8342573642730713,"466,6,394,1069"
613,20.433333333333334,LOCKED,0.8053068518638611,"501,0,352,1076"
614,20.466666666666665,LOCKED,0.8178547024726868,"523,3,324,1074"
615,20.5,LOCKED,0.7999204993247986,"535,6,282,1073"
616,20.533333333333335,LOCKED,0.8088913559913635,"545,21,257,1024"
617,20.566666666666666,LOCKED,0.7943195104598999,"541,26,260,1014"
618,20.6,LOCKED,0.854712188243866,"562,9,252,1058"
619,20.633333333333333,LOCKED,0.8478026986122131,"550,2,273,1077"
620,20.666666666666668,LOCKED,0.8406159281730652,"543,13,275,1063"
621,20.7,LOCKED,0.8353736400604248,"533,28,289,1043"
622,20.733333333333334,LOCKED,0.868872880935669,"519,19,356,1060"
623,20.766666666666666,LOCKED,0.8624767065048218,"493,18,380,1047"
624,20.8,LOCKED,0.84483802318573,"453,13,420,1032"
625,20.833333333333332,LOCKED,0.8423936367034912,"440,25,441,1048"
626,20.866666666666667,LOCKED,0.8453183770179749,"410,27,452,1044"
627,20.9,LOCKED,0.8228408694267273,"393,41,456,1030"
628,20.933333333333334,LOCKED,0.8221625089645386,"380,46,460,1025"
629,20.966666666666665,LOCKED,0.840239405632019,"351,43,455,1023"
630,21.0,LOCKED,0.8558796048164368,"337,34,437,1039"
631,21.033333333333335,LOCKED,0.8419826030731201,"344,56,438,1012"
632,21.066666666666666,LOCKED,0.8475420475006104,"343,51,446,1012"
633,21.1,LOCKED,0.8403060436248779,"335,29,387,1031"
634,21.133333333333333,LOCKED,0.8533458113670349,"365,136,362,899"
635,21.166666666666668,LOCKED,0.8397651314735413,"380,17,387,1040"
636,21.2,LOCKED,0.8601639270782471,"398,24,370,1043"
637,21.233333333333334,LOCKED,0.8936206102371216,"420,31,362,1048"
638,21.266666666666666,LOCKED,0.8840229511260986,"420,23,372,1056"
639,21.3,LOCKED,0.8670561909675598,"408,17,381,1061"
640,21.333333333333332,LOCKED,0.8533020615577698,"394,28,377,1051"
641,21.366666666666667,LOCKED,0.8529334664344788,"394,42,378,1037"
642,21.4,LOCKED,0.838897705078125,"384,34,384,1042"
643,21.433333333333334,LOCKED,0.8422125577926636,"376,40,377,1039"
644,21.466666666666665,LOCKED,0.8315226435661316,"379,62,371,1016"
645,21.5,LOCKED,0.8222914338111877,"362,76,393,1002"
646,21.533333333333335,LOCKED,0.8455225229263306,"332,73,403,982"
647,21.566666666666666,LOCKED,0.843011736869812,"318,82,408,982"
648,21.6,LOCKED,0.8525509834289551,"320,98,387,967"
649,21.633333333333333,LOCKED,0.8631237149238586,"337,88,339,975"
650,21.666666666666668,LOCKED,0.8644934296607971,"311,100,352,958"
651,21.7,LOCKED,0.8675758838653564,"296,110,353,957"
652,21.733333333333334,LOCKED,0.8611283302307129,"293,127,334,926"
653,21.766666666666666,LOCKED,0.8377317786216736,"294,113,289,897"
654,21.8,LOCKED,0.8480159044265747,"293,104,281,892"
655,21.833333333333332,LOCKED,0.8321201801300049,"288,115,279,879"
656,21.866666666666667,LOCKED,0.831733226776123,"280,112,263,882"
657,21.9,LOCKED,0.8659607172012329,"250,116,272,882"
658,21.933333333333334,LOCKED,0.8476552963256836,"238,119,288,882"
659,21.966666666666665,LOCKED,0.878211498260498,"226,115,312,886"
660,22.0,LOCKED,0.8769824504852295,"200,114,350,887"
661,22.033333333333335,LOCKED,0.8232276439666748,"205,113,407,881"
662,22.066666666666666,LOCKED,0.8129789233207703,"194,124,414,874"
663,22.1,LOCKED,0.829552412033081,"193,131,416,859"
664,22.133333333333333,LOCKED,0.8045297861099243,"192,146,426,848"
665,22.166666666666668,LOCKED,0.8246052265167236,"164,147,441,846"
666,22.2,LOCKED,0.8339190483093262,"187,170,406,811"
667,22.233333333333334,LOCKED,0.8308939933776855,"212,158,384,816"
668,22.266666666666666,LOCKED,0.8294275999069214,"212,157,386,825"
669,22.3,LOCKED,0.8204902410507202,"240,151,359,843"
670,22.333333333333332,LOCKED,0.8466869592666626,"272,156,327,845"
671,22.366666666666667,LOCKED,0.8519150018692017,"285,161,317,830"
672,22.4,LOCKED,0.8515107035636902,"310,170,301,810"
673,22.433333333333334,LOCKED,0.8546212911605835,"335,178,315,788"
674,22.466666666666665,LOCKED,0.8647953271865845,"335,189,316,780"
675,22.5,LOCKED,0.8674468398094177,"349,192,321,767"
676,22.533333333333335,LOCKED,0.853071928024292,"340,184,360,782"
677,22.566666666666666,LOCKED,0.863423228263855,"352,176,362,775"
678,22.6,LOCKED,0.8711878061294556,"380,196,346,762"
679,22.633333333333333,LOCKED,0.8659483194351196,"382,200,351,752"
680,22.666666666666668,LOCKED,0.8777800798416138,"383,198,349,764"
681,22.7,LOCKED,0.8783470392227173,"401,206,318,750"
682,22.733333333333334,LOCKED,0.8672882318496704,"456,214,277,738"
683,22.766666666666666,LOCKED,0.8518558740615845,"453,218,283,742"
684,22.8,LOCKED,0.8429903984069824,"468,222,256,734"
685,22.833333333333332,LOCKED,0.8431438207626343,"459,221,273,731"
686,22.866666666666667,LOCKED,0.8432283997535706,"425,232,271,719"
687,22.9,LOCKED,0.8590535521507263,"461,220,259,701"
688,22.933333333333334,LOCKED,0.8349021673202515,"469,239,245,698"
689,22.966666666666665,LOCKED,0.829698920249939,"479,236,233,676"
690,23.0,LOCKED,0.8472592830657959,"475,216,250,688"
691,23.033333333333335,LOCKED,0.8257538080215454,"487,225,222,674"
692,23.066666666666666,LOCKED,0.8332793116569519,"489,227,218,671"
693,23.1,LOCKED,0.8141820430755615,"493,218,208,674"
694,23.133333333333333,LOCKED,0.8355430364608765,"496,243,200,654"
695,23.166666666666668,LOCKED,0.8003461360931396,"497,239,200,647"
696,23.2,LOCKED,0.8224585056304932,"493,229,211,657"
697,23.233333333333334,LOCKED,0.8357257843017578,"483,224,240,652"
698,23.266666666666666,LOCKED,0.8087164163589478,"462,216,285,654"
699,23.3,LOCKED,0.8104122877120972,"442,221,319,653"
700,23.333333333333332,LOCKED,0.771781325340271,"441,206,319,669"
701,23.366666666666667,LOCKED,0.8197466731071472,"456,188,307,686"
702,23.4,LOCKED,0.7915349006652832,"454,215,305,668"
703,23.433333333333334,LOCKED,0.8310391902923584,"459,199,295,676"
704,23.466666666666665,LOCKED,0.8295157551765442,"463,200,292,691"
705,23.5,LOCKED,0.8235887289047241,"473,181,282,705"
706,23.533333333333335,LOCKED,0.8254122138023376,"495,212,250,679"
707,23.566666666666666,LOCKED,0.8542534708976746,"507,194,235,700"
708,23.6,LOCKED,0.8502113819122314,"529,204,227,690"
709,23.633333333333333,LOCKED,0.8430980443954468,"534,204,245,694"
710,23.666666666666668,LOCKED,0.8250854015350342,"537,205,243,703"
711,23.7,LOCKED,0.8496999740600586,"529,213,254,686"
712,23.733333333333334,LOCKED,0.8073299527168274,"533,205,253,708"
713,23.766666666666666,LOCKED,0.802593469619751,"521,213,261,699"
714,23.8,LOCKED,0.8168597221374512,"511,218,268,700"
715,23.833333333333332,LOCKED,0.8208190202713013,"501,216,271,698"
716,23.866666666666667,LOCKED,0.8255124688148499,"478,220,280,702"
717,23.9,LOCKED,0.8205640316009521,"472,223,276,707"
718,23.933333333333334,LOCKED,0.8164898157119751,"464,222,270,708"
719,23.966666666666665,LOCKED,0.8321001529693604,"453,210,272,706"
720,24.0,LOCKED,0.8096092343330383,"442,217,247,688"
721,24.033333333333335,LOCKED,0.7995076775550842,"421,213,261,685"
722,24.066666666666666,LOCKED,0.8284270167350769,"391,205,274,683"
723,24.1,LOCKED,0.8370212316513062,"358,213,307,678"
724,24.133333333333333,LOCKED,0.8114808797836304,"379,211,271,678"
725,24.166666666666668,LOCKED,0.8144713640213013,"362,210,277,681"
726,24.2,LOCKED,0.8042089939117432,"361,191,272,699"
727,24.233333333333334,LOCKED,0.8180243968963623,"364,201,255,693"
728,24.266666666666666,LOCKED,0.810103714466095,"358,202,270,690"
729,24.3,LOCKED,0.8130221366882324,"357,205,279,683"
730,24.333333333333332,LOCKED,0.7945996522903442,"350,213,300,678"
731,24.366666666666667,LOCKED,0.7929288148880005,"341,208,308,688"
732,24.4,LOCKED,0.808689534664154,"335,192,312,721"
733,24.433333333333334,LOCKED,0.8267621397972107,"339,199,310,712"
734,24.466666666666665,LOCKED,0.795128583908081,"341,201,296,712"
735,24.5,LOCKED,0.8091467618942261,"339,190,299,720"
736,24.533333333333335,LOCKED,0.837218165397644,"336,183,289,719"
737,24.566666666666666,LOCKED,0.8241763114929199,"316,201,297,710"
738,24.6,LOCKED,0.8238285779953003,"313,187,306,712"
739,24.633333333333333,LOCKED,0.8268778324127197,"318,190,296,717"
740,24.666666666666668,LOCKED,0.8364413976669312,"319,190,312,690"
741,24.7,LOCKED,0.8177295923233032,"326,186,304,717"
742,24.733333333333334,LOCKED,0.799813449382782,"347,178,277,721"
743,24.766666666666666,LOCKED,0.8094617128372192,"350,190,289,701"
744,24.8,LOCKED,0.829045295715332,"363,188,271,694"
745,24.833333333333332,LOCKED,0.8137025833129883,"371,186,272,698"
746,24.866666666666667,LOCKED,0.7889654636383057,"372,185,292,703"
747,24.9,LOCKED,0.788612961769104,"376,200,286,693"
748,24.933333333333334,LOCKED,0.7827314138412476,"373,213,293,686"
749,24.966666666666665,LOCKED,0.7906327247619629,"387,216,294,692"
750,25.0,LOCKED,0.78138667345047,"386,214,292,691"
751,25.033333333333335,LOCKED,0.8108157515525818,"382,213,306,681"
752,25.066666666666666,LOCKED,0.8097432851791382,"401,216,299,686"
753,25.1,LOCKED,0.8084933757781982,"399,205,304,702"
754,25.133333333333333,LOCKED,0.8246440887451172,"427,211,277,706"
755,25.166666666666668,LOCKED,0.8313788175582886,"428,208,280,706"
756,25.2,LOCKED,0.8420993089675903,"432,206,274,706"
757,25.233333333333334,LOCKED,0.8439056873321533,"451,213,269,698"
758,25.266666666666666,LOCKED,0.8433634042739868,"459,211,263,687"
759,25.3,LOCKED,0.8322775363922119,"465,210,260,682"
760,25.333333333333332,LOCKED,0.8269900679588318,"472,227,259,657"
761,25.366666666666667,LOCKED,0.8368545770645142,"477,208,259,667"
762,25.4,LOCKED,0.8102983236312866,"481,198,261,659"
763,25.433333333333334,LOCKED,0.8205740451812744,"493,195,247,664"
764,25.466666666666665,LOCKED,0.8079098463058472,"501,204,242,654"
765,25.5,LOCKED,0.8117561340332031,"498,203,252,656"
766,25.533333333333335,LOCKED,0.8228257298469543,"498,203,254,659"
767,25.566666666666666,LOCKED,0.8305869102478027,"478,208,292,661"
768,25.6,LOCKED,0.8188238739967346,"478,210,283,667"
769,25.633333333333333,LOCKED,0.7982783317565918,"480,210,273,670"
770,25.666666666666668,LOCKED,0.8226550817489624,"491,198,257,670"
771,25.7,LOCKED,0.8062222003936768,"496,202,254,649"
772,25.733333333333334,LOCKED,0.8176388740539551,"511,203,250,646"
773,25.766666666666666,LOCKED,0.8156280517578125,"515,203,246,657"
774,25.8,LOCKED,0.7782772779464722,"528,209,251,657"
775,25.833333333333332,LOCKED,0.7835783362388611,"523,217,259,643"
776,25.866666666666667,LOCKED,0.792721152305603,"523,233,249,623"
777,25.9,LOCKED,0.7878131866455078,"535,242,248,606"
778,25.933333333333334,LOCKED,0.7827861905097961,"524,216,245,630"
779,25.966666666666665,LOCKED,0.7779366374015808,"522,211,232,636"
780,26.0,LOCKED,0.7869895100593567,"537,213,208,624"
781,26.033333333333335,LOCKED,0.8084606528282166,"529,208,218,629"
782,26.066666666666666,LOCKED,0.8018083572387695,"532,240,229,598"
783,26.1,LOCKED,0.787311315536499,"511,232,254,606"
784,26.133333333333333,LOCKED,0.7694473266601562,"503,220,237,628"
785,26.166666666666668,LOCKED,0.789758563041687,"493,215,229,631"
786,26.2,LOCKED,0.7701365947723389,"479,214,265,639"
787,26.233333333333334,LOCKED,0.7946228384971619,"479,215,252,640"
788,26.266666666666666,LOCKED,0.7905547022819519,"482,217,246,641"
789,26.3,LOCKED,0.7821304798126221,"479,205,235,658"
790,26.333333333333332,LOCKED,0.7797583341598511,"475,213,233,653"
791,26.366666666666667,LOCKED,0.7747571468353271,"468,224,243,647"
792,26.4,LOCKED,0.8141671419143677,"468,222,249,644"
793,26.433333333333334,LOCKED,0.7827956676483154,"465,227,239,627"
794,26.466666666666665,LOCKED,0.8154627084732056,"459,215,259,650"
795,26.5,LOCKED,0.832024872303009,"464,212,250,648"
796,26.533333333333335,LOCKED,0.7836578488349915,"456,222,253,620"
797,26.566666666666666,LOCKED,0.810278058052063,"451,232,243,611"
798,26.6,LOCKED,0.8179315328598022,"454,241,234,594"
799,26.633333333333333,LOCKED,0.8089675903320312,"453,241,234,584"
800,26.666666666666668,LOCKED,0.7915866374969482,"446,239,243,591"
801,26.7,LOCKED,0.7892963290214539,"454,232,245,586"
802,26.733333333333334,LOCKED,0.8032151460647583,"456,238,243,576"
803,26.766666666666666,LOCKED,0.8201215267181396,"456,235,262,592"
804,26.8,LOCKED,0.781461238861084,"434,250,257,580"
805,26.833333333333332,LOCKED,0.8023416996002197,"454,246,264,587"
806,26.866666666666667,LOCKED,0.8132700324058533,"454,241,271,606"
807,26.9,LOCKED,0.8091269731521606,"460,248,256,600"
808,26.933333333333334,LOCKED,0.8014659285545349,"467,236,252,610"
809,26.966666666666665,LOCKED,0.7868990898132324,"474,258,248,584"
810,27.0,LOCKED,0.7756478190422058,"464,262,258,578"
811,27.033333333333335,LOCKED,0.7372892498970032,"468,249,248,555"
812,27.066666666666666,LOCKED,0.7666466236114502,"468,241,248,570"
813,27.1,LOCKED,0.7763514518737793,"466,247,247,573"
814,27.133333333333333,LOCKED,0.7499282360076904,"469,246,237,567"
815,27.166666666666668,LOCKED,0.7507591247558594,"473,245,231,563"
816,27.2,LOCKED,0.7667665481567383,"471,246,235,561"
817,27.233333333333334,LOCKED,0.7755095362663269,"475,249,224,549"
818,27.266666666666666,LOCKED,0.801541805267334,"472,249,223,548"
819,27.3,LOCKED,0.8081482648849487,"468,247,228,551"
820,27.333333333333332,LOCKED,0.782254695892334,"473,252,218,546"
821,27.366666666666667,LOCKED,0.7825704216957092,"479,280,189,511"
822,27.4,LOCKED,0.7790837287902832,"482,275,178,518"
823,27.433333333333334,LOCKED,0.7930095195770264,"472,277,193,514"
824,27.466666666666665,LOCKED,0.7933348417282104,"468,278,201,511"
825,27.5,LOCKED,0.7782428860664368,"470,285,194,506"
826,27.533333333333335,LOCKED,0.7991286516189575,"469,275,194,512"
827,27.566666666666666,LOCKED,0.7999911308288574,"464,268,218,508"
828,27.6,LOCKED,0.7979891300201416,"461,265,206,508"
829,27.633333333333333,LOCKED,0.8356314897537231,"458,275,214,482"
830,27.666666666666668,LOCKED,0.8149263858795166,"447,271,226,495"
831,27.7,LOCKED,0.8102772831916809,"455,263,219,499"
832,27.733333333333334,LOCKED,0.7903341054916382,"448,262,227,511"
833,27.766666666666666,LOCKED,0.8049192428588867,"454,270,224,500"
834,27.8,LOCKED,0.7938293814659119,"446,274,228,494"
835,27.833333333333332,LOCKED,0.7809998393058777,"442,280,233,490"
836,27.866666666666667,LOCKED,0.7597596645355225,"443,285,237,486"
837,27.9,LOCKED,0.7933123111724854,"445,276,237,503"
838,27.933333333333334,LOCKED,0.7792308926582336,"455,278,229,501"
839,27.966666666666665,LOCKED,0.786372184753418,"451,285,231,503"
840,28.0,LOCKED,0.8085254430770874,"455,297,233,488"
841,28.033333333333335,LOCKED,0.8173009157180786,"450,285,238,495"
842,28.066666666666666,LOCKED,0.7367305755615234,"469,313,187,440"
843,28.1,LOCKED,0.7415652275085449,"473,287,188,470"
844,28.133333333333333,LOCKED,0.7645350098609924,"479,289,187,467"
845,28.166666666666668,LOCKED,0.7528014183044434,"479,298,184,457"
846,28.2,LOCKED,0.7678256034851074,"478,302,187,459"
847,28.233333333333334,LOCKED,0.7898094654083252,"477,282,192,476"
848,28.266666666666666,LOCKED,0.7869532108306885,"472,276,223,483"
849,28.3,LOCKED,0.7845214009284973,"466,257,226,501"
850,28.333333333333332,LOCKED,0.7594444751739502,"468,257,221,493"
851,28.366666666666667,LOCKED,0.8126146197319031,"476,257,214,488"
852,28.4,LOCKED,0.7945684194564819,"480,258,208,481"
853,28.433333333333334,LOCKED,0.7883989214897156,"483,255,210,486"
854,28.466666666666665,LOCKED,0.7835479974746704,"480,258,212,488"
855,28.5,LOCKED,0.7989206910133362,"478,253,216,497"
856,28.533333333333335,LOCKED,0.8023303747177124,"470,258,220,490"
857,28.566666666666666,LOCKED,0.7857164144515991,"465,266,229,474"
858,28.6,LOCKED,0.7844305038452148,"464,262,234,471"
859,28.633333333333333,LOCKED,0.711129903793335,"459,258,237,484"
860,28.666666666666668,LOCKED,0.7221355438232422,"459,258,237,495"
861,28.7,LOCKED,0.7529960870742798,"462,256,231,487"
862,28.733333333333334,LOCKED,0.7428414225578308,"451,269,243,470"
863,28.766666666666666,LOCKED,0.7727824449539185,"453,272,240,469"
864,28.8,LOCKED,0.788845419883728,"463,260,230,481"
865,28.833333333333332,LOCKED,0.7748944759368896,"461,258,237,476"
866,28.866666666666667,LOCKED,0.7830829620361328,"461,260,236,477"
867,28.9,LOCKED,0.7215536832809448,"443,267,257,487"
868,28.933333333333334,LOCKED,0.6709930300712585,"457,272,261,480"
869,28.966666666666665,LOST,0.5537354946136475,"457,272,261,480"
870,29.0,LOST,0.5782093405723572,"457,272,261,480"
871,29.033333333333335,LOST,0.5873353481292725,"457,272,261,480"
872,29.066666666666666,LOST,0.6643804907798767,"457,272,261,480"
873,29.1,LOST,0.7418404221534729,"457,272,261,480"
874,29.133333333333333,LOCKED,0.7551877498626709,"398,300,273,491"
875,29.166666666666668,LOCKED,0.7128534913063049,"405,302,272,490"
876,29.2,LOCKED,0.6606095433235168,"402,308,281,484"
877,29.233333333333334,LOST,0.597869336605072,"402,308,281,484"
878,29.266666666666666,LOST,0.5962490439414978,"402,308,281,484"
879,29.3,LOST,0.6301496028900146,"402,308,281,484"
880,29.333333333333332,LOST,0.5896257162094116,"402,308,281,484"
881,29.366666666666667,LOST,0.6256201267242432,"402,308,281,484"
882,29.4,LOST,0.6576775312423706,"402,308,281,484"
883,29.433333333333334,LOST,0.6878510117530823,"402,308,281,484"
884,29.466666666666665,LOST,0.6916704177856445,"402,308,281,484"
885,29.5,LOST,0.7042481899261475,"402,308,281,484"
886,29.533333333333335,LOST,0.6768282651901245,"402,308,281,484"
887,29.566666666666666,LOST,0.7069810628890991,"402,308,281,484"
888,29.6,LOST,0.7094863057136536,"402,308,281,484"
889,29.633333333333333,LOST,0.7328693866729736,"402,308,281,484"
890,29.666666666666668,LOST,0.7453210353851318,"402,308,281,484"
891,29.7,LOST,0.7296435832977295,"402,308,281,484"
892,29.733333333333334,LOCKED,0.7720170617103577,"455,284,240,474"
893,29.766666666666666,LOCKED,0.7681587934494019,"455,267,234,476"
894,29.8,LOCKED,0.7781490087509155,"459,265,241,495"
895,29.833333333333332,LOCKED,0.7806106209754944,"452,289,248,455"
896,29.866666666666667,LOCKED,0.793499231338501,"445,286,264,459"
897,29.9,LOCKED,0.7789422273635864,"442,286,275,449"
898,29.933333333333334,LOCKED,0.7284010648727417,"441,292,280,456"
899,29.966666666666665,LOCKED,0.6971467733383179,"417,301,293,468"
900,30.0,LOCKED,0.7562097311019897,"436,298,258,462"
901,30.033333333333335,LOCKED,0.7625454664230347,"433,297,253,461"
902,30.066666666666666,LOST,-1.0,"433,297,253,461"
903,30.1,LOST,-1.0,"433,297,253,461"
904,30.133333333333333,LOST,-1.0,"433,297,253,461"
905,30.166666666666668,LOST,-1.0,"433,297,253,461"
906,30.2,LOST,0.7423404455184937,"433,297,253,461"
907,30.233333333333334,LOCKED,0.7520191669464111,"450,272,266,459"
908,30.266666666666666,LOCKED,0.7786773443222046,"452,269,261,469"
909,30.3,LOCKED,0.813288688659668,"464,268,242,474"
910,30.333333333333332,LOCKED,0.7799813151359558,"461,272,248,471"
911,30.366666666666667,LOCKED,0.7481833100318909,"468,275,257,474"
912,30.4,LOCKED,0.7191789150238037,"470,282,266,473"
913,30.433333333333334,LOCKED,0.760671079158783,"475,261,258,487"
914,30.466666666666665,LOCKED,0.752901554107666,"490,257,252,482"
915,30.5,LOCKED,0.7609466910362244,"500,262,228,469"
916,30.533333333333335,LOCKED,0.8068187236785889,"504,257,218,471"
917,30.566666666666666,LOST,-1.0,"504,257,218,471"
918,30.6,LOST,-1.0,"504,257,218,471"
919,30.633333333333333,LOST,-1.0,"504,257,218,471"
920,30.666666666666668,LOST,-1.0,"504,257,218,471"
921,30.7,LOCKED,0.8380149006843567,"493,260,219,450"
922,30.733333333333334,LOCKED,0.8672533631324768,"470,252,227,501"
923,30.766666666666666,LOCKED,0.8243241906166077,"475,251,228,492"
924,30.8,LOCKED,0.7858191728591919,"476,257,228,488"
925,30.833333333333332,LOST,-1.0,"476,257,228,488"
926,30.866666666666667,LOCKED,0.7614147067070007,"480,256,226,463"
927,30.9,LOCKED,0.7947275638580322,"472,260,229,465"
928,30.933333333333334,LOCKED,0.8304691910743713,"463,254,232,491"
929,30.966666666666665,LOCKED,0.8253228664398193,"447,261,253,490"
930,31.0,LOCKED,0.8148152232170105,"445,252,258,491"
931,31.033333333333335,LOCKED,0.7795725464820862,"449,258,247,474"
932,31.066666666666666,LOCKED,0.7865854501724243,"458,248,239,492"
933,31.1,LOCKED,0.7640106678009033,"456,248,258,487"
934,31.133333333333333,LOCKED,0.7785192728042603,"459,246,259,498"
935,31.166666666666668,LOCKED,0.7947990298271179,"465,245,242,502"
936,31.2,LOCKED,0.771070122718811,"465,239,234,515"
937,31.233333333333334,LOCKED,0.7789901494979858,"468,236,236,517"
938,31.266666666666666,LOCKED,0.7738407254219055,"466,236,228,523"
939,31.3,LOCKED,0.7827028632164001,"458,238,239,514"
940,31.333333333333332,LOCKED,0.7865946292877197,"464,239,230,515"
941,31.366666666666667,LOCKED,0.7997455596923828,"458,232,242,538"
942,31.4,LOCKED,0.8049015998840332,"466,233,229,540"
943,31.433333333333334,LOCKED,0.8019747138023376,"483,233,203,535"
944,31.466666666666665,LOCKED,0.8257155418395996,"491,230,205,546"
945,31.5,LOCKED,0.8477206230163574,"515,230,195,572"
946,31.533333333333335,LOCKED,0.8301324844360352,"515,228,197,599"
947,31.566666666666666,LOCKED,0.8061323165893555,"491,242,234,568"
948,31.6,LOCKED,0.8393515944480896,"513,230,201,594"
949,31.633333333333333,LOCKED,0.8301325440406799,"498,240,223,566"
950,31.666666666666668,LOCKED,0.7930024862289429,"503,237,223,590"
951,31.7,LOCKED,0.8021222352981567,"502,236,244,583"
952,31.733333333333334,LOCKED,0.8124932050704956,"504,241,242,591"
953,31.766666666666666,LOCKED,0.8227661848068237,"493,240,265,594"
954,31.8,LOCKED,0.7959822416305542,"496,237,259,603"
955,31.833333333333332,LOCKED,0.7999811768531799,"475,241,290,609"
956,31.866666666666667,LOCKED,0.7383019924163818,"454,242,326,637"
957,31.9,LOCKED,0.7433643341064453,"447,238,338,664"
958,31.933333333333334,LOCKED,0.7260342240333557,"454,243,340,629"
959,31.966666666666665,LOCKED,0.731208086013794,"434,247,360,604"
960,32.0,LOCKED,0.7241443991661072,"432,242,352,645"
961,32.03333333333333,LOCKED,0.7296026945114136,"436,237,351,657"
962,32.06666666666667,LOCKED,0.6805188059806824,"439,216,344,643"
963,32.1,LOCKED,0.7361000776290894,"446,211,346,658"
964,32.13333333333333,LOCKED,0.7128533720970154,"438,222,355,628"
965,32.166666666666664,LOCKED,0.7361759543418884,"447,204,340,677"
966,32.2,LOCKED,0.7318497896194458,"444,202,331,670"
967,32.233333333333334,LOCKED,0.743016242980957,"449,188,333,687"
968,32.266666666666666,LOCKED,0.7653804421424866,"452,187,334,684"
969,32.3,LOCKED,0.7264417409896851,"452,183,328,684"
970,32.333333333333336,LOCKED,0.7303589582443237,"440,182,324,695"
971,32.36666666666667,LOCKED,0.7365145087242126,"441,182,317,698"
972,32.4,LOCKED,0.7639687061309814,"443,179,316,726"
973,32.43333333333333,LOCKED,0.7524245977401733,"438,175,324,729"
974,32.46666666666667,LOCKED,0.7563665509223938,"440,166,316,734"
975,32.5,LOCKED,0.7581807971000671,"432,156,329,759"
976,32.53333333333333,LOCKED,0.7453691959381104,"428,154,326,734"
977,32.56666666666667,LOCKED,0.7449570894241333,"425,155,327,748"
978,32.6,LOCKED,0.7545751333236694,"425,154,334,759"
979,32.63333333333333,LOCKED,0.7364004850387573,"413,159,358,762"
980,32.666666666666664,LOCKED,0.7459440231323242,"408,164,357,741"
